topic,count,perc_of_state_protest,state,percentile,high_low
guns,48,0.1959,MD,0.7843137254901961,middle
guns,36,0.1034,TN,0.11764705882352941,middle
guns,60,0.1538,IN,0.49019607843137253,middle
guns,125,0.2193,OH,0.8823529411764706,middle
guns,60,0.1515,CT,0.47058823529411764,middle
guns,27,0.0718,DC,0.0392156862745098,low
guns,127,0.1719,WA,0.6078431372549019,middle
guns,250,0.2363,FL,0.9607843137254902,high
guns,29,0.1306,UT,0.27450980392156865,middle
guns,349,0.1397,CA,0.37254901960784315,middle
guns,32,0.1561,VT,0.5098039215686274,middle
guns,60,0.125,MN,0.21568627450980393,middle
guns,91,0.1838,VA,0.6666666666666666,middle
guns,75,0.1933,WI,0.7647058823529411,middle
guns,51,0.1311,MO,0.29411764705882354,middle
guns,90,0.1789,CO,0.6470588235294118,middle
guns,87,0.2605,GA,1,high
guns,136,0.1411,PA,0.4117647058823529,middle
guns,191,0.1271,NY,0.2549019607843137,middle
guns,128,0.2126,IL,0.8431372549019608,middle
guns,82,0.1117,MA,0.1568627450980392,middle
guns,99,0.1636,OR,0.5294117647058824,middle
guns,115,0.1271,TX,0.2549019607843137,middle
guns,43,0.1473,IA,0.45098039215686275,middle
guns,97,0.1639,NC,0.5490196078431373,middle
guns,40,0.1187,AZ,0.19607843137254902,middle
guns,141,0.1841,MI,0.6862745098039216,middle
guns,36,0.2338,NE,0.9215686274509803,high
guns,40,0.1674,NM,0.5686274509803921,middle
guns,19,0.1166,LA,0.17647058823529413,middle
guns,26,0.1313,MT,0.3333333333333333,middle
guns,39,0.1313,ME,0.3333333333333333,middle
guns,33,0.1854,NV,0.7254901960784313,middle
guns,30,0.1705,OK,0.5882352941176471,middle
guns,21,0.1409,AL,0.39215686274509803,middle
guns,49,0.1384,KY,0.35294117647058826,middle
guns,16,0.2,AR,0.803921568627451,middle
guns,98,0.1759,NJ,0.6274509803921569,middle
guns,10,0.099,RI,0.09803921568627451,low
guns,7,0.0579,HI,0.0196078431372549,low
guns,26,0.2063,ID,0.8235294117647058,middle
guns,34,0.2138,NH,0.8627450980392157,middle
guns,38,0.2517,KS,0.9803921568627451,high
guns,11,0.1897,SD,0.7450980392156863,middle
guns,21,0.1077,AK,0.13725490196078433,middle
guns,7,0.0805,MS,0.0784313725490196,low
guns,15,0.0781,WV,0.058823529411764705,low
guns,56,0.2353,SC,0.9411764705882353,high
guns,12,0.1846,ND,0.7058823529411765,middle
guns,11,0.1429,WY,0.43137254901960786,middle
guns,18,0.2278,DE,0.9019607843137255,high
immigration,40,0.1633,MD,0.6666666666666666,middle
immigration,51,0.1466,TN,0.5490196078431373,middle
immigration,56,0.1436,IN,0.5098039215686274,middle
immigration,64,0.1123,OH,0.21568627450980393,middle
immigration,70,0.1768,CT,0.7450980392156863,middle
immigration,59,0.1569,DC,0.6274509803921569,middle
immigration,113,0.1529,WA,0.5882352941176471,middle
immigration,134,0.1267,FL,0.37254901960784315,middle
immigration,29,0.1306,UT,0.43137254901960786,middle
immigration,467,0.1869,CA,0.9215686274509803,high
immigration,36,0.1756,VT,0.7254901960784313,middle
immigration,55,0.1146,MN,0.23529411764705882,middle
immigration,59,0.1192,VA,0.27450980392156865,middle
immigration,72,0.1856,WI,0.8823529411764706,middle
immigration,30,0.0771,MO,0.0784313725490196,low
immigration,71,0.1412,CO,0.49019607843137253,middle
immigration,37,0.1108,GA,0.19607843137254902,middle
immigration,129,0.1338,PA,0.47058823529411764,middle
immigration,271,0.1803,NY,0.8235294117647058,middle
immigration,61,0.1013,IL,0.13725490196078433,middle
immigration,130,0.1771,MA,0.7647058823529411,middle
immigration,110,0.1818,OR,0.8627450980392157,middle
immigration,242,0.2674,TX,1,high
immigration,53,0.1815,IA,0.8431372549019608,middle
immigration,91,0.1537,NC,0.6078431372549019,middle
immigration,74,0.2196,AZ,0.9607843137254902,high
immigration,136,0.1775,MI,0.7843137254901961,middle
immigration,27,0.1753,NE,0.7058823529411765,middle
immigration,57,0.2385,NM,0.9803921568627451,high
immigration,21,0.1288,LA,0.4117647058823529,middle
immigration,21,0.1061,MT,0.1568627450980392,middle
immigration,45,0.1515,ME,0.5686274509803921,middle
immigration,21,0.118,NV,0.2549019607843137,middle
immigration,23,0.1307,OK,0.45098039215686275,middle
immigration,19,0.1275,AL,0.39215686274509803,middle
immigration,31,0.0876,KY,0.09803921568627451,low
immigration,10,0.125,AR,0.3137254901960784,middle
immigration,104,0.1867,NJ,0.9019607843137255,high
immigration,18,0.1782,RI,0.803921568627451,middle
immigration,7,0.0579,HI,0.058823529411764705,low
immigration,20,0.1587,ID,0.6470588235294118,middle
immigration,19,0.1195,NH,0.29411764705882354,middle
immigration,22,0.1457,KS,0.5294117647058824,middle
immigration,10,0.1724,SD,0.6862745098039216,middle
immigration,8,0.041,AK,0.0392156862745098,low
immigration,8,0.092,MS,0.11764705882352941,middle
immigration,7,0.0365,WV,0.0196078431372549,low
immigration,30,0.1261,SC,0.3333333333333333,middle
immigration,7,0.1077,ND,0.17647058823529413,middle
immigration,15,0.1948,WY,0.9411764705882353,high
immigration,10,0.1266,DE,0.35294117647058826,middle
other,30,0.1224,MD,0.47058823529411764,middle
other,42,0.1207,TN,0.45098039215686275,middle
other,58,0.1487,IN,0.7450980392156863,middle
other,90,0.1579,OH,0.8235294117647058,middle
other,61,0.154,CT,0.803921568627451,middle
other,31,0.0824,DC,0.058823529411764705,low
other,84,0.1137,WA,0.27450980392156865,middle
other,123,0.1163,FL,0.3333333333333333,middle
other,32,0.1441,UT,0.7254901960784313,middle
other,379,0.1517,CA,0.7843137254901961,middle
other,16,0.078,VT,0.0392156862745098,low
other,63,0.1312,MN,0.6078431372549019,middle
other,48,0.097,VA,0.0784313725490196,low
other,49,0.1263,WI,0.5490196078431373,middle
other,51,0.1311,MO,0.5686274509803921,middle
other,54,0.1074,CO,0.1568627450980392,middle
other,40,0.1198,GA,0.4117647058823529,middle
other,131,0.1359,PA,0.7058823529411765,middle
other,287,0.191,NY,0.9607843137254902,high
other,79,0.1312,IL,0.6078431372549019,middle
other,118,0.1608,MA,0.8627450980392157,middle
other,75,0.124,OR,0.5294117647058824,middle
other,107,0.1182,TX,0.39215686274509803,middle
other,30,0.1027,IA,0.09803921568627451,low
other,64,0.1081,NC,0.19607843137254902,middle
other,23,0.0682,AZ,0.0196078431372549,low
other,104,0.1358,MI,0.6862745098039216,middle
other,19,0.1234,NE,0.5098039215686274,middle
other,27,0.113,NM,0.2549019607843137,middle
other,31,0.1902,LA,0.9411764705882353,high
other,23,0.1162,MT,0.3137254901960784,middle
other,40,0.1347,ME,0.6470588235294118,middle
other,24,0.1348,NV,0.6666666666666666,middle
other,19,0.108,OK,0.17647058823529413,middle
other,20,0.1342,AL,0.6274509803921569,middle
other,39,0.1102,KY,0.21568627450980393,middle
other,16,0.2,AR,0.9803921568627451,high
other,65,0.1167,NJ,0.35294117647058826,middle
other,16,0.1584,RI,0.8431372549019608,middle
other,58,0.4793,HI,1,high
other,14,0.1111,ID,0.23529411764705882,middle
other,26,0.1635,NH,0.8823529411764706,middle
other,26,0.1722,KS,0.9215686274509803,high
other,7,0.1207,SD,0.45098039215686275,middle
other,23,0.1179,AK,0.37254901960784315,middle
other,10,0.1149,MS,0.29411764705882354,middle
other,20,0.1042,WV,0.13725490196078433,middle
other,36,0.1513,SC,0.7647058823529411,middle
other,8,0.1231,ND,0.49019607843137253,middle
other,8,0.1039,WY,0.11764705882352941,middle
other,13,0.1646,DE,0.9019607843137255,high
race_confed,29,0.1184,MD,0.74,middle
race_confed,71,0.204,TN,0.94,high
race_confed,53,0.1359,IN,0.82,middle
race_confed,57,0.1,OH,0.58,middle
race_confed,44,0.1111,CT,0.72,middle
race_confed,34,0.0904,DC,0.4,middle
race_confed,67,0.0907,WA,0.42,middle
race_confed,117,0.1106,FL,0.7,middle
race_confed,20,0.0901,UT,0.38,middle
race_confed,231,0.0924,CA,0.44,middle
race_confed,20,0.0976,VT,0.54,middle
race_confed,62,0.1292,MN,0.78,middle
race_confed,96,0.1939,VA,0.92,high
race_confed,40,0.1031,WI,0.64,middle
race_confed,67,0.1722,MO,0.86,middle
race_confed,37,0.0736,CO,0.26,middle
race_confed,64,0.1916,GA,0.9,middle
race_confed,130,0.1349,PA,0.8,middle
race_confed,116,0.0772,NY,0.28,middle
race_confed,61,0.1013,IL,0.62,middle
race_confed,57,0.0777,MA,0.3,middle
race_confed,65,0.1074,OR,0.68,middle
race_confed,116,0.1282,TX,0.76,middle
race_confed,15,0.0514,IA,0.18,middle
race_confed,122,0.2061,NC,0.96,high
race_confed,32,0.095,AZ,0.48,middle
race_confed,72,0.094,MI,0.46,middle
race_confed,5,0.0325,NE,0.08,low
race_confed,23,0.0962,NM,0.5,middle
race_confed,30,0.184,LA,0.88,middle
race_confed,13,0.0657,MT,0.22,middle
race_confed,29,0.0976,ME,0.54,middle
race_confed,6,0.0337,NV,0.1,middle
race_confed,15,0.0852,OK,0.36,middle
race_confed,32,0.2148,AL,1,high
race_confed,29,0.0819,KY,0.34,middle
race_confed,8,0.1,AR,0.58,middle
race_confed,56,0.1005,NJ,0.6,middle
race_confed,8,0.0792,RI,0.32,middle
race_confed,2,0.0159,ID,0.02,low
race_confed,6,0.0377,NH,0.14,middle
race_confed,11,0.0728,KS,0.24,middle
race_confed,1,0.0172,SD,0.04,low
race_confed,4,0.0205,AK,0.06,low
race_confed,18,0.2069,MS,0.98,high
race_confed,7,0.0365,WV,0.12,middle
race_confed,34,0.1429,SC,0.84,middle
race_confed,3,0.0462,ND,0.16,middle
race_confed,8,0.1039,WY,0.66,middle
race_confed,5,0.0633,DE,0.2,middle
women,22,0.0898,MD,0.2549019607843137,middle
women,31,0.0891,TN,0.23529411764705882,middle
women,48,0.1231,IN,0.6862745098039216,middle
women,63,0.1105,OH,0.5294117647058824,middle
women,26,0.0657,CT,0.058823529411764705,low
women,40,0.1064,DC,0.49019607843137253,middle
women,95,0.1286,WA,0.7254901960784313,middle
women,91,0.086,FL,0.17647058823529413,middle
women,30,0.1351,UT,0.7843137254901961,middle
women,254,0.1016,CA,0.39215686274509803,middle
women,23,0.1122,VT,0.5490196078431373,middle
women,62,0.1292,MN,0.7450980392156863,middle
women,49,0.099,VA,0.37254901960784315,middle
women,45,0.116,WI,0.6274509803921569,middle
women,60,0.1542,MO,0.8235294117647058,middle
women,58,0.1153,CO,0.6078431372549019,middle
women,32,0.0958,GA,0.3333333333333333,middle
women,84,0.0871,PA,0.19607843137254902,middle
women,121,0.0805,NY,0.11764705882352941,middle
women,63,0.1047,IL,0.45098039215686275,middle
women,64,0.0872,MA,0.21568627450980393,middle
women,68,0.1124,OR,0.5686274509803921,middle
women,95,0.105,TX,0.47058823529411764,middle
women,30,0.1027,IA,0.4117647058823529,middle
women,56,0.0946,NC,0.3137254901960784,middle
women,42,0.1246,AZ,0.7058823529411765,middle
women,92,0.1201,MI,0.6666666666666666,middle
women,27,0.1753,NE,0.9215686274509803,high
women,22,0.0921,NM,0.27450980392156865,middle
women,17,0.1043,LA,0.43137254901960786,middle
women,36,0.1818,MT,0.9411764705882353,high
women,35,0.1178,ME,0.6470588235294118,middle
women,15,0.0843,NV,0.1568627450980392,middle
women,17,0.0966,OK,0.35294117647058826,middle
women,25,0.1678,AL,0.9019607843137255,high
women,25,0.0706,KY,0.0784313725490196,low
women,4,0.05,AR,0.0392156862745098,low
women,46,0.0826,NJ,0.13725490196078433,middle
women,11,0.1089,RI,0.5098039215686274,middle
women,16,0.1322,HI,0.7647058823529411,middle
women,20,0.1587,ID,0.8627450980392157,middle
women,25,0.1572,NH,0.8431372549019608,middle
women,14,0.0927,KS,0.29411764705882354,middle
women,8,0.1379,SD,0.803921568627451,middle
women,57,0.2923,AK,1,high
women,14,0.1609,MS,0.8823529411764706,middle
women,9,0.0469,WV,0.0196078431372549,low
women,18,0.0756,SC,0.09803921568627451,low
women,15,0.2308,ND,0.9607843137254902,high
women,18,0.2338,WY,0.9803921568627451,high
women,9,0.1139,DE,0.5882352941176471,middle
environment,17,0.0694,MD,0.6,middle
environment,9,0.0259,TN,0.12,middle
environment,21,0.0538,IN,0.48,middle
environment,16,0.0281,OH,0.14,middle
environment,19,0.048,CT,0.34,middle
environment,28,0.0745,DC,0.66,middle
environment,72,0.0974,WA,0.8,middle
environment,64,0.0605,FL,0.52,middle
environment,26,0.1171,UT,0.92,high
environment,130,0.052,CA,0.46,middle
environment,41,0.2,VT,1,high
environment,57,0.1188,MN,0.94,high
environment,63,0.1273,VA,0.96,high
environment,24,0.0619,WI,0.58,middle
environment,17,0.0437,MO,0.28,middle
environment,45,0.0895,CO,0.72,middle
environment,11,0.0329,GA,0.18,middle
environment,71,0.0737,PA,0.64,middle
environment,85,0.0566,NY,0.5,middle
environment,23,0.0382,IL,0.22,middle
environment,74,0.1008,MA,0.84,middle
environment,49,0.081,OR,0.7,middle
environment,34,0.0376,TX,0.2,middle
environment,21,0.0719,IA,0.62,middle
environment,26,0.0439,NC,0.3,middle
environment,8,0.0237,AZ,0.08,low
environment,30,0.0392,MI,0.24,middle
environment,7,0.0455,NE,0.32,middle
environment,23,0.0962,NM,0.78,middle
environment,10,0.0613,LA,0.54,middle
environment,18,0.0909,MT,0.74,middle
environment,30,0.101,ME,0.86,middle
environment,9,0.0506,NV,0.42,middle
environment,7,0.0398,OK,0.26,middle
environment,1,0.0067,AL,0.02,low
environment,11,0.0311,KY,0.16,middle
environment,2,0.025,AR,0.1,middle
environment,44,0.079,NJ,0.68,middle
environment,5,0.0495,RI,0.36,middle
environment,6,0.0496,HI,0.38,middle
environment,12,0.0952,ID,0.76,middle
environment,16,0.1006,NH,0.82,middle
environment,2,0.0132,KS,0.04,low
environment,9,0.1552,SD,0.98,high
environment,20,0.1026,AK,0.88,middle
environment,22,0.1146,WV,0.9,middle
environment,5,0.021,SC,0.06,low
environment,4,0.0615,ND,0.56,middle
environment,4,0.0519,WY,0.44,middle
environment,4,0.0506,DE,0.42,middle
police,16,0.0653,MD,0.8163265306122449,middle
police,16,0.046,TN,0.5918367346938775,middle
police,23,0.059,IN,0.6938775510204082,middle
police,36,0.0632,OH,0.7959183673469388,middle
police,21,0.053,CT,0.673469387755102,middle
police,8,0.0213,DC,0.30612244897959184,middle
police,29,0.0392,WA,0.5306122448979592,middle
police,51,0.0482,FL,0.6122448979591837,middle
police,14,0.0631,UT,0.7755102040816326,middle
police,148,0.0592,CA,0.7142857142857143,middle
police,4,0.0195,VT,0.20408163265306123,middle
police,47,0.0979,MN,0.9591836734693877,high
police,10,0.0202,VA,0.2653061224489796,middle
police,27,0.0696,WI,0.8367346938775511,middle
police,49,0.126,MO,1,high
police,19,0.0378,CO,0.4897959183673469,middle
police,30,0.0898,GA,0.9387755102040817,high
police,78,0.0809,PA,0.9183673469387755,high
police,53,0.0353,NY,0.46938775510204084,middle
police,36,0.0598,IL,0.7346938775510204,middle
police,19,0.0259,MA,0.3673469387755102,middle
police,19,0.0314,OR,0.3877551020408163,middle
police,45,0.0497,TX,0.6530612244897959,middle
police,5,0.0171,IA,0.16326530612244897,middle
police,29,0.049,NC,0.6326530612244898,middle
police,25,0.0742,AZ,0.8775510204081632,middle
police,26,0.0339,MI,0.40816326530612246,middle
police,1,0.0065,NE,0.02040816326530612,low
police,5,0.0209,NM,0.2857142857142857,middle
police,16,0.0982,LA,0.9795918367346939,high
police,4,0.0202,MT,0.2653061224489796,middle
police,2,0.0067,ME,0.061224489795918366,low
police,8,0.0449,NV,0.5714285714285714,middle
police,14,0.0795,OK,0.8979591836734694,middle
police,11,0.0738,AL,0.8571428571428571,middle
police,9,0.0254,KY,0.3469387755102041,middle
police,5,0.0625,AR,0.7551020408163265,middle
police,23,0.0413,NJ,0.5510204081632653,middle
police,2,0.0198,RI,0.22448979591836735,middle
police,2,0.0165,HI,0.14285714285714285,middle
police,3,0.0189,NH,0.1836734693877551,middle
police,1,0.0066,KS,0.04081632653061224,low
police,2,0.0345,SD,0.4489795918367347,middle
police,2,0.0103,AK,0.08163265306122448,low
police,3,0.0345,MS,0.4489795918367347,middle
police,2,0.0104,WV,0.10204081632653061,middle
police,6,0.0252,SC,0.32653061224489793,middle
police,1,0.0154,ND,0.12244897959183673,middle
police,3,0.038,DE,0.5102040816326531,middle
executive,15,0.0612,MD,0.1568627450980392,middle
executive,28,0.0805,TN,0.5490196078431373,middle
executive,25,0.0641,IN,0.21568627450980393,middle
executive,48,0.0842,OH,0.6274509803921569,middle
executive,29,0.0732,CT,0.37254901960784315,middle
executive,85,0.2261,DC,0.9803921568627451,high
executive,49,0.0663,WA,0.2549019607843137,middle
executive,108,0.1021,FL,0.8431372549019608,middle
executive,20,0.0901,UT,0.6862745098039216,middle
executive,185,0.074,CA,0.4117647058823529,middle
executive,16,0.078,VT,0.49019607843137253,middle
executive,32,0.0667,MN,0.27450980392156865,middle
executive,40,0.0808,VA,0.5882352941176471,middle
executive,25,0.0644,WI,0.23529411764705882,middle
executive,31,0.0797,MO,0.5294117647058824,middle
executive,50,0.0994,CO,0.8235294117647058,middle
executive,23,0.0689,GA,0.3137254901960784,middle
executive,80,0.083,PA,0.6078431372549019,middle
executive,139,0.0925,NY,0.7450980392156863,middle
executive,54,0.0897,IL,0.6666666666666666,middle
executive,47,0.064,MA,0.19607843137254902,middle
executive,48,0.0793,OR,0.5098039215686274,middle
executive,62,0.0685,TX,0.29411764705882354,middle
executive,26,0.089,IA,0.6470588235294118,middle
executive,44,0.0743,NC,0.43137254901960786,middle
executive,31,0.092,AZ,0.7254901960784313,middle
executive,59,0.077,MI,0.47058823529411764,middle
executive,16,0.1039,NE,0.8627450980392157,middle
executive,18,0.0753,NM,0.45098039215686275,middle
executive,10,0.0613,LA,0.17647058823529413,middle
executive,19,0.096,MT,0.7647058823529411,middle
executive,34,0.1145,ME,0.8823529411764706,middle
executive,27,0.1517,NV,0.9607843137254902,high
executive,10,0.0568,OK,0.11764705882352941,middle
executive,7,0.047,AL,0.0392156862745098,low
executive,26,0.0734,KY,0.39215686274509803,middle
executive,4,0.05,AR,0.0784313725490196,low
executive,45,0.0808,NJ,0.5882352941176471,middle
executive,5,0.0495,RI,0.058823529411764705,low
executive,7,0.0579,HI,0.13725490196078433,middle
executive,9,0.0714,ID,0.35294117647058826,middle
executive,19,0.1195,NH,0.9215686274509803,high
executive,4,0.0265,KS,0.0196078431372549,low
executive,4,0.069,SD,0.3333333333333333,middle
executive,45,0.2308,AK,1,high
executive,8,0.092,MS,0.7254901960784313,middle
executive,19,0.099,WV,0.803921568627451,middle
executive,23,0.0966,SC,0.7843137254901961,middle
executive,9,0.1385,ND,0.9411764705882353,high
executive,9,0.1169,WY,0.9019607843137255,high
executive,4,0.0506,DE,0.09803921568627451,low
education,12,0.049,MD,0.5510204081632653,middle
education,21,0.0603,TN,0.7346938775510204,middle
education,14,0.0359,IN,0.3673469387755102,middle
education,15,0.0263,OH,0.14285714285714285,middle
education,33,0.0833,CT,0.8571428571428571,middle
education,10,0.0266,DC,0.16326530612244897,middle
education,27,0.0365,WA,0.3877551020408163,middle
education,38,0.0359,FL,0.3673469387755102,middle
education,12,0.0541,UT,0.6122448979591837,middle
education,96,0.0384,CA,0.4897959183673469,middle
education,7,0.0341,VT,0.2857142857142857,middle
education,13,0.0271,MN,0.20408163265306123,middle
education,17,0.0343,VA,0.30612244897959184,middle
education,21,0.0541,WI,0.6122448979591837,middle
education,10,0.0257,MO,0.12244897959183673,middle
education,28,0.0557,CO,0.6326530612244898,middle
education,11,0.0329,GA,0.22448979591836735,middle
education,26,0.027,PA,0.1836734693877551,middle
education,57,0.0379,NY,0.4489795918367347,middle
education,21,0.0349,IL,0.32653061224489793,middle
education,50,0.0681,MA,0.7959183673469388,middle
education,47,0.0777,OR,0.8163265306122449,middle
education,34,0.0376,TX,0.40816326530612246,middle
education,7,0.024,IA,0.10204081632653061,middle
education,29,0.049,NC,0.5510204081632653,middle
education,55,0.1632,AZ,0.9387755102040817,high
education,18,0.0235,MI,0.08163265306122448,low
education,6,0.039,NE,0.5102040816326531,middle
education,14,0.0586,NM,0.6938775510204082,middle
education,11,0.0675,LA,0.7755102040816326,middle
education,12,0.0606,MT,0.7551020408163265,middle
education,6,0.0202,ME,0.061224489795918366,low
education,10,0.0562,NV,0.6530612244897959,middle
education,35,0.1989,OK,0.9591836734693877,high
education,5,0.0336,AL,0.2653061224489796,middle
education,73,0.2062,KY,0.9795918367346939,high
education,1,0.0125,AR,0.02040816326530612,low
education,28,0.0503,NJ,0.5714285714285714,middle
education,8,0.0792,RI,0.8367346938775511,middle
education,11,0.0909,HI,0.8775510204081632,middle
education,13,0.1032,ID,0.8979591836734694,middle
education,6,0.0377,NH,0.42857142857142855,middle
education,5,0.0331,KS,0.24489795918367346,middle
education,11,0.0564,AK,0.673469387755102,middle
education,10,0.1149,MS,0.9183673469387755,high
education,57,0.2969,WV,1,high
education,14,0.0588,SC,0.7142857142857143,middle
education,1,0.013,WY,0.04081632653061224,low
education,3,0.038,DE,0.46938775510204084,middle
healthcare,10,0.0408,MD,0.6274509803921569,middle
healthcare,13,0.0374,TN,0.6078431372549019,middle
healthcare,20,0.0513,IN,0.7647058823529411,middle
healthcare,33,0.0579,OH,0.8627450980392157,middle
healthcare,12,0.0303,CT,0.47058823529411764,middle
healthcare,21,0.0559,DC,0.8235294117647058,middle
healthcare,10,0.0135,WA,0.13725490196078433,middle
healthcare,21,0.0198,FL,0.17647058823529413,middle
healthcare,12,0.0541,UT,0.803921568627451,middle
healthcare,50,0.02,CA,0.19607843137254902,middle
healthcare,6,0.0293,VT,0.39215686274509803,middle
healthcare,12,0.025,MN,0.2549019607843137,middle
healthcare,15,0.0303,VA,0.47058823529411764,middle
healthcare,10,0.0258,WI,0.27450980392156865,middle
healthcare,19,0.0488,MO,0.6862745098039216,middle
healthcare,25,0.0497,CO,0.7254901960784313,middle
healthcare,9,0.0269,GA,0.3333333333333333,middle
healthcare,32,0.0332,PA,0.5294117647058824,middle
healthcare,43,0.0286,NY,0.37254901960784315,middle
healthcare,16,0.0266,IL,0.3137254901960784,middle
healthcare,23,0.0313,MA,0.49019607843137253,middle
healthcare,8,0.0132,OR,0.11764705882352941,middle
healthcare,27,0.0298,TX,0.4117647058823529,middle
healthcare,20,0.0685,IA,0.9411764705882353,high
healthcare,21,0.0355,NC,0.5686274509803921,middle
healthcare,11,0.0326,AZ,0.5098039215686274,middle
healthcare,23,0.03,MI,0.43137254901960786,middle
healthcare,4,0.026,NE,0.29411764705882354,middle
healthcare,3,0.0126,NM,0.058823529411764705,low
healthcare,4,0.0245,LA,0.23529411764705882,middle
healthcare,9,0.0455,MT,0.6470588235294118,middle
healthcare,15,0.0505,ME,0.7450980392156863,middle
healthcare,5,0.0281,NV,0.35294117647058826,middle
healthcare,4,0.0227,OK,0.21568627450980393,middle
healthcare,5,0.0336,AL,0.5490196078431373,middle
healthcare,21,0.0593,KY,0.8823529411764706,middle
healthcare,7,0.0875,AR,1,high
healthcare,7,0.0126,NJ,0.058823529411764705,low
healthcare,5,0.0495,RI,0.7058823529411765,middle
healthcare,1,0.0083,HI,0.0196078431372549,low
healthcare,8,0.0635,ID,0.9019607843137255,high
healthcare,9,0.0566,NH,0.8431372549019608,middle
healthcare,10,0.0662,KS,0.9215686274509803,high
healthcare,3,0.0517,SD,0.7843137254901961,middle
healthcare,7,0.0359,AK,0.5882352941176471,middle
healthcare,4,0.046,MS,0.6666666666666666,middle
healthcare,15,0.0781,WV,0.9803921568627451,high
healthcare,4,0.0168,SC,0.1568627450980392,middle
healthcare,5,0.0769,ND,0.9607843137254902,high
healthcare,1,0.013,WY,0.09803921568627451,low
healthcare,1,0.0127,DE,0.0784313725490196,low
collective_bargaining,9,0.0367,MD,0.4166666666666667,middle
collective_bargaining,19,0.0546,TN,0.625,middle
collective_bargaining,19,0.0487,IN,0.5625,middle
collective_bargaining,37,0.0649,OH,0.7708333333333334,middle
collective_bargaining,31,0.0783,CT,0.8541666666666666,middle
collective_bargaining,12,0.0319,DC,0.375,middle
collective_bargaining,58,0.0785,WA,0.875,middle
collective_bargaining,39,0.0369,FL,0.4375,middle
collective_bargaining,2,0.009,UT,0.020833333333333332,low
collective_bargaining,218,0.0872,CA,0.9583333333333334,high
collective_bargaining,13,0.0634,VT,0.7291666666666666,middle
collective_bargaining,30,0.0625,MN,0.7083333333333334,middle
collective_bargaining,11,0.0222,VA,0.16666666666666666,middle
collective_bargaining,17,0.0438,WI,0.5208333333333334,middle
collective_bargaining,25,0.0643,MO,0.75,middle
collective_bargaining,12,0.0239,CO,0.20833333333333334,middle
collective_bargaining,6,0.018,GA,0.10416666666666667,middle
collective_bargaining,68,0.0705,PA,0.7916666666666666,middle
collective_bargaining,85,0.0566,NY,0.6666666666666666,middle
collective_bargaining,71,0.1179,IL,1,high
collective_bargaining,66,0.0899,MA,0.9791666666666666,high
collective_bargaining,30,0.0496,OR,0.5833333333333334,middle
collective_bargaining,26,0.0287,TX,0.2708333333333333,middle
collective_bargaining,15,0.0514,IA,0.6041666666666666,middle
collective_bargaining,7,0.0118,NC,0.0625,low
collective_bargaining,7,0.0208,AZ,0.14583333333333334,middle
collective_bargaining,66,0.0862,MI,0.9375,high
collective_bargaining,4,0.026,NE,0.25,middle
collective_bargaining,7,0.0293,NM,0.2916666666666667,middle
collective_bargaining,5,0.0307,LA,0.3333333333333333,middle
collective_bargaining,6,0.0303,MT,0.3125,middle
collective_bargaining,12,0.0404,ME,0.5,middle
collective_bargaining,13,0.073,NV,0.8125,middle
collective_bargaining,2,0.0114,OK,0.041666666666666664,low
collective_bargaining,6,0.0403,AL,0.4791666666666667,middle
collective_bargaining,20,0.0565,KY,0.6458333333333334,middle
collective_bargaining,46,0.0826,NJ,0.9166666666666666,high
collective_bargaining,8,0.0792,RI,0.8958333333333334,middle
collective_bargaining,9,0.0744,HI,0.8333333333333334,middle
collective_bargaining,3,0.0238,ID,0.1875,middle
collective_bargaining,4,0.0252,NH,0.22916666666666666,middle
collective_bargaining,3,0.0199,KS,0.125,middle
collective_bargaining,7,0.0359,AK,0.3958333333333333,middle
collective_bargaining,4,0.046,MS,0.5416666666666666,middle
collective_bargaining,11,0.0573,WV,0.6875,middle
collective_bargaining,3,0.0126,SC,0.08333333333333333,low
collective_bargaining,2,0.0308,ND,0.3541666666666667,middle
collective_bargaining,3,0.038,DE,0.4583333333333333,middle
supreme_court,3,0.0086,TN,0.30952380952380953,middle
supreme_court,6,0.0154,IN,0.6190476190476191,middle
supreme_court,6,0.0105,OH,0.40476190476190477,middle
supreme_court,7,0.0177,CT,0.6904761904761905,middle
supreme_court,33,0.0878,DC,1,high
supreme_court,8,0.0108,WA,0.42857142857142855,middle
supreme_court,6,0.0057,FL,0.14285714285714285,middle
supreme_court,7,0.0315,UT,0.8571428571428571,middle
supreme_court,22,0.0088,CA,0.3333333333333333,middle
supreme_court,10,0.0488,VT,0.9761904761904762,high
supreme_court,4,0.0083,MN,0.2619047619047619,middle
supreme_court,4,0.0081,VA,0.23809523809523808,middle
supreme_court,6,0.0155,WI,0.6428571428571429,middle
supreme_court,3,0.0077,MO,0.21428571428571427,middle
supreme_court,6,0.0119,CO,0.47619047619047616,middle
supreme_court,1,0.003,GA,0.047619047619047616,low
supreme_court,11,0.0114,PA,0.4523809523809524,middle
supreme_court,15,0.01,NY,0.35714285714285715,middle
supreme_court,3,0.005,IL,0.07142857142857142,low
supreme_court,9,0.0123,MA,0.5,middle
supreme_court,8,0.0132,OR,0.5952380952380952,middle
supreme_court,6,0.0066,TX,0.19047619047619047,middle
supreme_court,5,0.0171,IA,0.6666666666666666,middle
supreme_court,13,0.022,NC,0.7857142857142857,middle
supreme_court,11,0.0326,AZ,0.8809523809523809,middle
supreme_court,4,0.0052,MI,0.09523809523809523,low
supreme_court,3,0.0195,NE,0.7142857142857143,middle
supreme_court,2,0.0084,NM,0.2857142857142857,middle
supreme_court,1,0.0061,LA,0.16666666666666666,middle
supreme_court,2,0.0101,MT,0.38095238095238093,middle
supreme_court,11,0.037,ME,0.9285714285714286,high
supreme_court,4,0.0225,NV,0.8095238095238095,middle
supreme_court,3,0.0201,AL,0.7380952380952381,middle
supreme_court,1,0.0028,KY,0.023809523809523808,low
supreme_court,3,0.0054,NJ,0.11904761904761904,middle
supreme_court,3,0.0238,ID,0.8333333333333334,middle
supreme_court,2,0.0126,NH,0.5476190476190477,middle
supreme_court,8,0.041,AK,0.9523809523809523,high
supreme_court,3,0.0345,MS,0.9047619047619048,high
supreme_court,4,0.0208,WV,0.7619047619047619,middle
supreme_court,3,0.0126,SC,0.5476190476190477,middle
supreme_court,1,0.013,WY,0.5714285714285714,middle
